{
    "WYY7iVyf5p8_0": -1.9954841136932373,
    "WYY7iVyf5p8_1": 0.6045853495597839,
    "WYY7iVyf5p8_2": 2.9530463218688965,
    "WYY7iVyf5p8_3": 5.725754737854004,
    "pa4otMbVnkk_0": -2.770375967025757,
    "pa4otMbVnkk_1": 0.3493993580341339,
    "pa4otMbVnkk_2": 4.167668342590332,
    "pa4otMbVnkk_3": 7.629624366760254,
    "fzynW3qQPVF_0": -3.927567958831787,
    "fzynW3qQPVF_1": 0.47243213653564453,
    "UwV83HsGsw3_0": 0.3905290365219116,
    "UwV83HsGsw3_1": 0.42482733726501465,
    "YVUC4YcDtcY_0": 0.21541528403759003,
    "yqstnuAEVhm_0": -1.865159511566162,
    "yqstnuAEVhm_1": 0.2230636328458786,
    "yqstnuAEVhm_2": 3.2720448970794678,
    "yqstnuAEVhm_3": 6.07204532623291,
    "wc2JMjhGNzB_0": 0.38663092255592346,
    "wc2JMjhGNzB_1": 3.998046875,
    "wc2JMjhGNzB_2": 6.019028186798096,
    "ARNzJeq3xxb_0": -0.08456514775753021,
    "q9vSo1VnCiC_0": 0.26504719257354736,
    "5ZKStnWn8Zo_0": -2.743133544921875,
    "5ZKStnWn8Zo_1": 0.14670738577842712,
    "jtcxE69GiFV_0": 0.5798592567443848,
    "jtcxE69GiFV_1": 3.492572069168091,
    "YFuZgdQ5vWj_0": -2.5136218070983887,
    "YFuZgdQ5vWj_1": 0.1916182041168213,
    "RPmz2sHmrrY_0": 0.26991006731987,
    "rqfALeAoiTq_0": -3.0026307106018066,
    "rqfALeAoiTq_1": -0.11683231592178345,
    "rqfALeAoiTq_2": 2.836320400238037,
    "rqfALeAoiTq_3": 5.821180820465088,
    "2t7WUuJeko7_0": 0.3381013870239258,
    "Vt2qJdWjCF2_0": 0.439445436000824,
    "gxdoqLR6rwA_0": 0.4173562228679657,
    "gxdoqLR6rwA_1": 3.9473721981048584,
    "SN83YJsR3w2_0": -3.4463467597961426,
    "SN83YJsR3w2_1": -0.11523270606994629,
    "SN83YJsR3w2_2": 3.721099376678467,
    "8WUmhLawc2A_0": 0.5006570219993591,
    "uNb9QFRL6hY_0": -0.08992791175842285,
    "uNb9QFRL6hY_1": 2.5615451335906982,
    "kEZ7cmS4wCh_0": -0.3849315047264099,
    "kEZ7cmS4wCh_1": 3.6863272190093994,
    "kEZ7cmS4wCh_2": 6.796296119689941,
    "pRbA3pwrgk9_0": -5.566195011138916,
    "pRbA3pwrgk9_1": -2.566195011138916,
    "pRbA3pwrgk9_2": -0.4134922921657562,
    "pRbA3pwrgk9_3": 2.433805465698242,
    "pRbA3pwrgk9_4": 6.364063739776611,
    "sKLMLpTHeUy_0": -2.411092758178711,
    "sKLMLpTHeUy_1": 0.28882038593292236,
    "sKLMLpTHeUy_2": 3.0733678340911865,
    "B6ByNegPMKs_0": 0.2703326344490051,
    "Vvot9Ly1tCj_0": 0.35154488682746887,
    "7y3sRwLe3Va_0": -2.502162218093872,
    "7y3sRwLe3Va_1": -0.048159122467041016,
    "7y3sRwLe3Va_2": 3.397614002227783,
    "EDJbREhghzL_0": 0.33384472131729126,
    "EDJbREhghzL_1": 3.4893481731414795,
    "r1Q1Z4BcV1o_0": 0.4921734929084778,
    "VzqfbhrpDEA_0": 0.2910090386867523,
    "VzqfbhrpDEA_1": 3.3611738681793213,
    "gTV8FGcVJC9_0": -6.124607563018799,
    "gTV8FGcVJC9_1": -1.4658043384552002,
    "gTV8FGcVJC9_2": 3.456643581390381,
    "gTV8FGcVJC9_3": 7.456643581390381,
    "82sE5b5pLXE_0": -0.016079694032669067,
    "82sE5b5pLXE_1": 2.5377941131591797,
    "mJXqzFtmKg4_0": 0.23113536834716797,
    "ZMojNkEp431_0": -0.2715025842189789,
    "ZMojNkEp431_1": 0.09357202053070068,
    "ZMojNkEp431_2": 0.09357202053070068,
    "S9hNv5qa7GM_0": 0.5865097641944885,
    "S9hNv5qa7GM_1": 2.9162778854370117,
    "2n8kARJN3HM_0": -2.987863779067993,
    "2n8kARJN3HM_1": 0.4380907118320465,
    "1pXnuDYAj8r_0": 0.11414599418640137,
    "1pXnuDYAj8r_1": 3.6206247806549072,
    "ur6pFq6Qu1A_0": 0.2805112600326538,
    "rPc6DW4iMge_0": -2.840571880340576,
    "rPc6DW4iMge_1": 0.12358012795448303,
    "rPc6DW4iMge_2": 3.1150426864624023,
    "JmbYfDe2QKZ_0": 0.4645541310310364,
    "JmbYfDe2QKZ_1": 2.8238539695739746,
    "i5noydFURQK_0": -3.213176965713501,
    "i5noydFURQK_1": -0.20494896173477173,
    "PX4nDJXEHrG_0": -3.537745714187622,
    "PX4nDJXEHrG_1": -0.11433978378772736,
    "PX4nDJXEHrG_2": 2.803407669067383,
    "vyrNrziPKCB_0": 0.10646798461675644,
    "vyrNrziPKCB_1": 3.7502686977386475,
    "759xd9YjKW5_0": 0.2966650128364563,
    "759xd9YjKW5_1": 3.5942492485046387,
    "cV4RVeZvu5T_0": 0.9184679985046387,
    "cV4RVeZvu5T_1": 3.2711026668548584,
    "ac26ZMwG7aT_0": 0.3198477029800415,
    "V2XKFyX4ASd_0": -2.5292294025421143,
    "V2XKFyX4ASd_1": -0.16288061439990997,
    "V2XKFyX4ASd_2": 3.2504289150238037,
    "V2XKFyX4ASd_3": 5.807023048400879,
    "E9uDoFAP3SH_0": -5.828118801116943,
    "E9uDoFAP3SH_1": 0.40072739124298096,
    "D7N2EKCX4Sj_0": -2.955681800842285,
    "D7N2EKCX4Sj_1": 0.07997968047857285,
    "D7N2EKCX4Sj_2": 3.4389398097991943,
    "Uxmj2M2itWa_0": 0.4057289958000183,
    "VLzqgDo317F_0": -2.6846392154693604,
    "VLzqgDo317F_1": 3.1257457733154297,
    "jh4fc5c5qoQ_0": 0.41346490383148193,
    "qoiz87JEwZ2_0": -2.6999950408935547,
    "qoiz87JEwZ2_1": 0.10000491142272949,
    "VFuaQ6m2Qom_0": -0.15379579365253448,
    "VFuaQ6m2Qom_1": 0.12986603379249573,
    "VFuaQ6m2Qom_2": 4.8585004806518555,
    "17DRP5sb8fy_0": 0.07244700193405151,
    "b8cTxDM8gDG_0": -3.0572428703308105,
    "b8cTxDM8gDG_1": 0.5145388841629028,
    "b8cTxDM8gDG_2": 3.6532750129699707,
    "e9zR4mvMWw7_0": -0.6095831394195557,
    "e9zR4mvMWw7_1": -0.18304479122161865,
    "e9zR4mvMWw7_2": 2.8866939544677734,
    "s8pcmisQ38h_0": -2.9318573474884033,
    "s8pcmisQ38h_1": 0.03832602500915527,
    "s8pcmisQ38h_2": 3.147197961807251,
    "XcA2TqTSSAj_0": -2.4633350372314453,
    "XcA2TqTSSAj_1": -2.3455541133880615,
    "XcA2TqTSSAj_2": 0.25188884139060974,
    "XcA2TqTSSAj_3": 2.254446029663086,
    "XcA2TqTSSAj_4": 0.18765665590763092,
    "XcA2TqTSSAj_5": 6.338405132293701,
    "5q7pvUzZiYa_0": -3.3246612548828125,
    "5q7pvUzZiYa_1": 0.41801518201828003,
    "5q7pvUzZiYa_2": 3.6034250259399414,
    "JeFG25nYj2p_0": 0.4935840368270874,
    "ULsKaCPVFJR_0": 0.2862021028995514,
    "ULsKaCPVFJR_1": 2.8835620880126953,
    "5LpN3gDmAk7_0": -0.9741714596748352,
    "5LpN3gDmAk7_1": 3.3746447563171387,
    "HxpKQynjfin_0": 0.09425505250692368,
    "sT4fr6TAbpF_0": 0.2890777289867401,
    "p5wJjkQkbXX_0": -2.5887317657470703,
    "p5wJjkQkbXX_1": 0.3819514811038971,
    "r47D5H71a5s_0": 0.3313924968242645,
    "aayBHfsNo7d_0": 0.24553628265857697,
    "aayBHfsNo7d_1": 3.8147311210632324,
    "GdvgFV5R1Z5_0": 0.16666600108146667,
    "PuKPg4mmafe_0": 0.3358785808086395,
    "1LXtFkjw3qL_0": -2.517077922821045,
    "1LXtFkjw3qL_1": 0.48441123962402344,
    "1LXtFkjw3qL_2": 3.6844112873077393,
    "VVfe2KiqLaN_0": 0.3765922784805298,
    "VVfe2KiqLaN_1": 3.3523061275482178,
    "JF19kD82Mey_0": 0.3981289267539978,
    "JF19kD82Mey_1": 3.5468649864196777,
    "D7G3Y4RVNrH_0": -3.3592870235443115,
    "D7G3Y4RVNrH_1": 0.40193116664886475,
    "D7G3Y4RVNrH_2": 1.240713119506836,
    "29hnd4uzFmX_0": 0.24744169414043427,
    "29hnd4uzFmX_1": 2.54121732711792,
    "dhjEzFoUFzH_0": 0.1367335468530655,
    "YmJkqBEsHnH_0": -0.1530369222164154,
    "Pm6F8kyY3z2_0": -0.11321599036455154,
    "Pm6F8kyY3z2_1": 0.1411735862493515,
    "2azQ1b91cZZ_0": 0.2957307696342468,
    "2azQ1b91cZZ_1": 3.3025550842285156,
    "Z6MFQCViBuw_0": 0.00952601432800293,
    "Z6MFQCViBuw_1": 0.3604673743247986,
    "EU6Fwq7SyZv_0": -2.077087879180908,
    "EU6Fwq7SyZv_1": 0.41763895750045776,
    "EU6Fwq7SyZv_2": 3.4957573413848877,
    "QUCTc6BB5sX_0": -2.853137969970703,
    "QUCTc6BB5sX_1": 0.29578107595443726,
    "TbHJrupSAjP_0": -2.4187521934509277,
    "TbHJrupSAjP_1": 0.08881602436304092,
    "TbHJrupSAjP_2": 3.4244003295898438,
    "x8F5xyUWy9e_0": 0.49735918641090393,
    "X7HyMhZNoso_0": -0.9983951449394226,
    "X7HyMhZNoso_1": 3.428861379623413,
    "zsNo4HB9uLZ_0": 0.4555526375770569,
    "oLBMNvg9in8_0": -1.797074794769287,
    "oLBMNvg9in8_1": 0.1428752839565277,
    "oLBMNvg9in8_2": 3.149043083190918,
    "oLBMNvg9in8_3": 5.809995651245117,
    "pLe4wQe7qrG_0": 0.2469004988670349,
    "8194nk5LbLH_0": 0.5745805501937866,
    "8194nk5LbLH_1": 2.8985960483551025
}