{
    "WYY7iVyf5p8_0": -1.9954841136932373,
    "WYY7iVyf5p8_1": 0.6045853495597839,
    "WYY7iVyf5p8_2": 2.9530463218688965,
    "WYY7iVyf5p8_3": 5.725754737854004,
    "pa4otMbVnkk_0": -2.770375967025757,
    "pa4otMbVnkk_1": 0.3493993580341339,
    "pa4otMbVnkk_2": 4.167668342590332,
    "pa4otMbVnkk_3": 7.629624366760254,
    "fzynW3qQPVF_0": -3.927567958831787,
    "fzynW3qQPVF_1": 0.47243213653564453,
    "UwV83HsGsw3_0": 0.3905290365219116,
    "UwV83HsGsw3_1": 0.42482733726501465,
    "YVUC4YcDtcY_0": 0.21541528403759003,
    "yqstnuAEVhm_0": -1.865159511566162,
    "yqstnuAEVhm_1": 0.2230636328458786,
    "yqstnuAEVhm_2": 3.2720448970794678,
    "yqstnuAEVhm_3": 6.07204532623291,
    "wc2JMjhGNzB_0": 0.38663092255592346,
    "wc2JMjhGNzB_1": 3.998046875,
    "wc2JMjhGNzB_2": 6.019028186798096,
    "ARNzJeq3xxb_0": -0.08456514775753021,
    "q9vSo1VnCiC_0": 0.26504719257354736,
    "5ZKStnWn8Zo_0": -2.743133544921875,
    "5ZKStnWn8Zo_1": 0.14670738577842712,
    "jtcxE69GiFV_0": 0.5798592567443848,
    "jtcxE69GiFV_1": 3.492572069168091,
    "YFuZgdQ5vWj_0": -2.5136218070983887,
    "YFuZgdQ5vWj_1": 0.1916182041168213,
    "RPmz2sHmrrY_0": 0.26991006731987,
    "rqfALeAoiTq_0": -3.0026307106018066,
    "rqfALeAoiTq_1": -0.11683231592178345,
    "rqfALeAoiTq_2": 2.836320400238037,
    "rqfALeAoiTq_3": 5.821180820465088,
    "2t7WUuJeko7_0": 0.3381013870239258,
    "Vt2qJdWjCF2_0": 0.439445436000824,
    "gxdoqLR6rwA_0": 0.4173562228679657,
    "gxdoqLR6rwA_1": 3.9473721981048584
}