{
    "2azQ1b91cZZ_0": 0.2957307696342468,
    "2azQ1b91cZZ_1": 3.3025550842285156,
    "Z6MFQCViBuw_0": 0.00952601432800293,
    "Z6MFQCViBuw_1": 0.3604673743247986,
    "EU6Fwq7SyZv_0": -2.077087879180908,
    "EU6Fwq7SyZv_1": 0.41763895750045776,
    "EU6Fwq7SyZv_2": 3.4957573413848877,
    "QUCTc6BB5sX_0": -2.853137969970703,
    "QUCTc6BB5sX_1": 0.29578107595443726,
    "TbHJrupSAjP_0": -2.4187521934509277,
    "TbHJrupSAjP_1": 0.08881602436304092,
    "TbHJrupSAjP_2": 3.4244003295898438,
    "x8F5xyUWy9e_0": 0.49735918641090393,
    "X7HyMhZNoso_0": -0.9983951449394226,
    "X7HyMhZNoso_1": 3.428861379623413,
    "zsNo4HB9uLZ_0": 0.4555526375770569,
    "oLBMNvg9in8_0": -1.797074794769287,
    "oLBMNvg9in8_1": 0.1428752839565277,
    "oLBMNvg9in8_2": 3.149043083190918,
    "oLBMNvg9in8_3": 5.809995651245117,
    "pLe4wQe7qrG_0": 0.2469004988670349,
    "8194nk5LbLH_0": 0.5745805501937866,
    "8194nk5LbLH_1": 2.8985960483551025
}